{"gpu_ipc": 98.51360000000001, "rt_avg_nodes_per_ray": 13.0, "L1D_total_cache_miss_rate": 0.573425, "L2_total_cache_miss_rate": 0.693475, "rt_avg_warp_occupancy": 0.50318825, "rt_avg_efficiency": 0.219806, "rt_avg_performance": 2.68657525, "rt_avg_op_intensity": 19.72144975, "rt_avg_warp_latency": 1278.6744079999999, "rt_avg_thread_latency": 280.80436725000004, "rt_l2_overall_miss_rate": 0.357075, "rt_l1_overall_miss_rate": 0.449125, "dram_eff": 0.86675, "bwutil": 0.779598, "running_time": 2155.5}