{"gpu_ipc": 27.583399999999997, "rt_avg_nodes_per_ray": 11.0, "L1D_total_cache_miss_rate": 0.6614000000000001, "L2_total_cache_miss_rate": 0.8307249999999999, "rt_avg_warp_occupancy": 0.9982515000000001, "rt_avg_efficiency": 0.08177175, "rt_avg_performance": 0.692866, "rt_avg_op_intensity": 7.638241, "rt_avg_warp_latency": 6794.1555177499995, "rt_avg_thread_latency": 555.9381637500001, "rt_l2_overall_miss_rate": 0.963475, "rt_l1_overall_miss_rate": 0.490175, "dram_eff": 0.618675, "bwutil": 0.56615225, "running_time": 3561.5}