{"gpu_ipc": 89.023, "rt_avg_nodes_per_ray": 13.0, "L1D_total_cache_miss_rate": 0.5626875, "L2_total_cache_miss_rate": 0.6822875000000002, "rt_avg_warp_occupancy": 0.50324, "rt_avg_efficiency": 0.197486375, "rt_avg_performance": 2.55786925, "rt_avg_op_intensity": 16.944021375000002, "rt_avg_warp_latency": 1202.2142179999998, "rt_avg_thread_latency": 260.966775875, "rt_l2_overall_miss_rate": 0.3669625000000001, "rt_l1_overall_miss_rate": 0.418825, "dram_eff": 0.844125, "bwutil": 0.6958195, "running_time": 238.375}