{"gpu_ipc": 73.7678, "rt_avg_nodes_per_ray": 13.0, "L1D_total_cache_miss_rate": 0.56095, "L2_total_cache_miss_rate": 0.678175, "rt_avg_warp_occupancy": 0.52960175, "rt_avg_efficiency": 0.193968, "rt_avg_performance": 2.404662, "rt_avg_op_intensity": 14.95452725, "rt_avg_warp_latency": 1344.21875, "rt_avg_thread_latency": 322.908726, "rt_l2_overall_miss_rate": 0.369475, "rt_l1_overall_miss_rate": 0.39942500000000003, "dram_eff": 0.83865, "bwutil": 0.58265725, "running_time": 72.0}